{"cameraMode":{"drawMode":0,"name":"Shaded","section":"Shading Mode"},"sceneLighting":true,"audioPlay":false,"sceneViewState":{"m_AlwaysRefresh":false,"showFog":true,"showSkybox":true,"showFlares":true,"showImageEffects":true,"showParticleSystems":true,"showVisualEffectGraphs":true,"m_FxEnabled":true},"in2DMode":false,"pivot":{"x":-1.291985273361206,"y":19.612892150878908,"z":6.69437837600708},"rotation":{"x":0.6548624038696289,"y":0.0006786893354728818,"z":-0.0005880525568500161,"w":0.7557488679885864},"size":1.278965711593628,"orthographic":false}