{"cameraMode":{"drawMode":0,"name":"Shaded","section":"Shading Mode"},"sceneLighting":false,"audioPlay":false,"sceneViewState":{"m_AlwaysRefresh":false,"showFog":true,"showSkybox":false,"showFlares":true,"showImageEffects":true,"showParticleSystems":true,"showVisualEffectGraphs":true,"m_FxEnabled":true},"in2DMode":false,"pivot":{"x":15.951831817626954,"y":3.9048404693603517,"z":9.064065933227539},"rotation":{"x":0.004463820718228817,"y":0.9315497875213623,"z":-0.011470191180706025,"w":0.36344483494758608},"size":8.66025447845459,"orthographic":false}