{"cameraMode":{"drawMode":0,"name":"Shaded","section":"Shading Mode"},"sceneLighting":false,"audioPlay":false,"sceneViewState":{"m_AlwaysRefresh":false,"showFog":true,"showSkybox":false,"showFlares":true,"showImageEffects":true,"showParticleSystems":true,"showVisualEffectGraphs":true,"m_FxEnabled":true},"in2DMode":false,"pivot":{"x":-5.758529186248779,"y":3.9092183113098146,"z":6.747246742248535},"rotation":{"x":-0.030463267117738725,"y":0.8365311026573181,"z":-0.046727050095796588,"w":-0.5451008081436157},"size":3.5845565795898439,"orthographic":false}