{"cameraMode":{"drawMode":0,"name":"Shaded","section":"Shading Mode"},"sceneLighting":false,"audioPlay":false,"sceneViewState":{"m_AlwaysRefresh":false,"showFog":true,"showSkybox":false,"showFlares":true,"showImageEffects":true,"showParticleSystems":true,"showVisualEffectGraphs":true,"m_FxEnabled":true},"in2DMode":false,"pivot":{"x":5.960464477539063e-7,"y":1.0407719612121583,"z":11.159564018249512},"rotation":{"x":0.006602050736546516,"y":-0.007791492622345686,"z":-0.000049964339268626645,"w":-0.9999507665634155},"size":5.836029052734375,"orthographic":true}